{
  "Ansi 7 Color (Light)" : {
    "Red Component" : 0.90196078431372551,
    "Color Space" : "P3",
    "Blue Component" : 0.90196078431372551,
    "Alpha Component" : 1,
    "Green Component" : 0.90196078431372551
  },
  "Ansi 15 Color (Light)" : {
    "Red Component" : 0.84313725490196079,
    "Color Space" : "P3",
    "Blue Component" : 0.87450980392156863,
    "Alpha Component" : 1,
    "Green Component" : 0.85098039215686272
  },
  "Ansi 2 Color (Light)" : {
    "Red Component" : 0.59215686274509804,
    "Color Space" : "P3",
    "Blue Component" : 0.43529411764705883,
    "Alpha Component" : 1,
    "Green Component" : 0.75294117647058822
  },
  "Bold Color" : {
    "Red Component" : 0.062745101749897003,
    "Color Space" : "sRGB",
    "Blue Component" : 0.062745101749897003,
    "Alpha Component" : 1,
    "Green Component" : 0.062745101749897003
  },
  "Ansi 1 Color (Dark)" : {
    "Red Component" : 0.7074432373046875,
    "Color Space" : "sRGB",
    "Blue Component" : 0.16300037503242493,
    "Alpha Component" : 1,
    "Green Component" : 0.23660069704055786
  },
  "Use Bright Bold" : true,
  "Ansi 9 Color (Light)" : {
    "Red Component" : 0.92549019607843142,
    "Color Space" : "P3",
    "Blue Component" : 0.44313725490196076,
    "Alpha Component" : 1,
    "Green Component" : 0.41960784313725491
  },
  "Ansi 8 Color (Dark)" : {
    "Red Component" : 0.40781760215759277,
    "Color Space" : "sRGB",
    "Blue Component" : 0.4078223705291748,
    "Alpha Component" : 1,
    "Green Component" : 0.40782788395881653
  },
  "Background Color" : {
    "Red Component" : 0.97999999999999998,
    "Color Space" : "sRGB",
    "Blue Component" : 0.97999999999999998,
    "Alpha Component" : 1,
    "Green Component" : 0.97999999999999998
  },
  "Columns" : 120,
  "Ansi 8 Color" : {
    "Red Component" : 0.40781760215759277,
    "Color Space" : "sRGB",
    "Blue Component" : 0.4078223705291748,
    "Alpha Component" : 1,
    "Green Component" : 0.40782788395881653
  },
  "Right Option Key Sends" : 0,
  "Ansi 4 Color (Light)" : {
    "Red Component" : 0.3843137254901961,
    "Color Space" : "P3",
    "Blue Component" : 0.9137254901960784,
    "Alpha Component" : 1,
    "Green Component" : 0.63529411764705879
  },
  "Blinking Cursor" : false,
  "Selected Text Color (Light)" : {
    "Red Component" : 0.67450980392156867,
    "Color Space" : "P3",
    "Blue Component" : 0.74117647058823533,
    "Alpha Component" : 1,
    "Green Component" : 0.69411764705882351
  },
  "Selected Text Color (Dark)" : {
    "Red Component" : 0,
    "Color Space" : "sRGB",
    "Blue Component" : 0,
    "Alpha Component" : 1,
    "Green Component" : 0
  },
  "Ansi 3 Color (Dark)" : {
    "Red Component" : 0.78058648109436035,
    "Color Space" : "sRGB",
    "Blue Component" : 0,
    "Alpha Component" : 1,
    "Green Component" : 0.76959484815597534
  },
  "Keyboard Map" : {

  },
  "Visual Bell" : true,
  "Cursor Text Color" : {
    "Red Component" : 1,
    "Color Space" : "sRGB",
    "Blue Component" : 1,
    "Alpha Component" : 1,
    "Green Component" : 1
  },
  "Scrollback Lines" : 1000,
  "Selection Color (Light)" : {
    "Red Component" : 0.41176470588235292,
    "Color Space" : "P3",
    "Blue Component" : 0.57647058823529407,
    "Alpha Component" : 1,
    "Green Component" : 0.45882352941176469
  },
  "Ansi 0 Color" : {
    "Red Component" : 0.078431375324726105,
    "Color Space" : "sRGB",
    "Blue Component" : 0.11764705926179886,
    "Alpha Component" : 1,
    "Green Component" : 0.098039217293262482
  },
  "Ansi 11 Color (Light)" : {
    "Red Component" : 0.89411764705882357,
    "Color Space" : "P3",
    "Blue Component" : 0.41176470588235292,
    "Alpha Component" : 1,
    "Green Component" : 0.65490196078431373
  },
  "Ansi 5 Color (Dark)" : {
    "Red Component" : 0.752197265625,
    "Color Space" : "sRGB",
    "Blue Component" : 0.74494361877441406,
    "Alpha Component" : 1,
    "Green Component" : 0.24931684136390686
  },
  "Cursor Text Color (Light)" : {
    "Red Component" : 0.99607843137254903,
    "Color Space" : "P3",
    "Blue Component" : 0.99607843137254903,
    "Alpha Component" : 1,
    "Green Component" : 0.99607843137254903
  },
  "Silence Bell" : false,
  "Rows" : 30,
  "Guid" : "E3728BB8-5912-4C91-8B4A-8AF6A01CCE8E",
  "Ansi 14 Color (Dark)" : {
    "Red Component" : 0.37597531080245972,
    "Color Space" : "sRGB",
    "Blue Component" : 1,
    "Alpha Component" : 1,
    "Green Component" : 0.99263292551040649
  },
  "Ansi 15 Color (Dark)" : {
    "Red Component" : 0.99999600648880005,
    "Color Space" : "sRGB",
    "Blue Component" : 1,
    "Alpha Component" : 1,
    "Green Component" : 1
  },
  "Ansi 0 Color (Dark)" : {
    "Red Component" : 0.078431375324726105,
    "Color Space" : "sRGB",
    "Blue Component" : 0.11764705926179886,
    "Alpha Component" : 1,
    "Green Component" : 0.098039217293262482
  },
  "Ambiguous Double Width" : false,
  "Option Key Sends" : 0,
  "Ansi 3 Color" : {
    "Red Component" : 0.78058648109436035,
    "Color Space" : "sRGB",
    "Blue Component" : 0,
    "Alpha Component" : 1,
    "Green Component" : 0.76959484815597534
  },
  "Window Type" : 0,
  "BM Growl" : true,
  "Prompt Before Closing 2" : false,
  "Command" : "",
  "Selected Text Color" : {
    "Red Component" : 0,
    "Color Space" : "sRGB",
    "Blue Component" : 0,
    "Alpha Component" : 1,
    "Green Component" : 0
  },
  "Ansi 14 Color (Light)" : {
    "Red Component" : 0.45098039215686275,
    "Color Space" : "P3",
    "Blue Component" : 0.8666666666666667,
    "Alpha Component" : 1,
    "Green Component" : 0.80784313725490198
  },
  "Cursor Guide Color (Dark)" : {
    "Red Component" : 0.37649588016392954,
    "Color Space" : "sRGB",
    "Blue Component" : 0.94099044799804688,
    "Alpha Component" : 0.25,
    "Green Component" : 0.80232617749205526
  },
  "Send Code When Idle" : false,
  "Ansi 6 Color" : {
    "Red Component" : 0,
    "Color Space" : "sRGB",
    "Blue Component" : 0.78166204690933228,
    "Alpha Component" : 1,
    "Green Component" : 0.77425903081893921
  },
  "Jobs to Ignore" : [
    "rlogin",
    "ssh",
    "slogin",
    "telnet"
  ],
  "Badge Color (Dark)" : {
    "Red Component" : 0.9787440299987793,
    "Color Space" : "sRGB",
    "Blue Component" : 0.65218597462148864,
    "Alpha Component" : 0.5,
    "Green Component" : 0.65218597462148864
  },
  "Cursor Color" : {
    "Red Component" : 0,
    "Color Space" : "sRGB",
    "Blue Component" : 0,
    "Alpha Component" : 1,
    "Green Component" : 0
  },
  "Vertical Spacing" : 1,
  "Disable Window Resizing" : true,
  "Close Sessions On End" : true,
  "Selection Color (Dark)" : {
    "Red Component" : 0.70196080207824707,
    "Color Space" : "sRGB",
    "Blue Component" : 1,
    "Alpha Component" : 1,
    "Green Component" : 0.84313726425170898
  },
  "Default Bookmark" : "No",
  "Foreground Color (Light)" : {
    "Red Component" : 0.67450980392156867,
    "Color Space" : "P3",
    "Blue Component" : 0.74117647058823533,
    "Alpha Component" : 1,
    "Green Component" : 0.69411764705882351
  },
  "Custom Command" : "No",
  "Background Color (Dark)" : {
    "Red Component" : 0.0806884765625,
    "Color Space" : "sRGB",
    "Blue Component" : 0.12103271484375,
    "Alpha Component" : 1,
    "Green Component" : 0.099111050367355347
  },
  "Ansi 9 Color" : {
    "Red Component" : 0.8659515380859375,
    "Color Space" : "sRGB",
    "Blue Component" : 0.45833224058151245,
    "Alpha Component" : 1,
    "Green Component" : 0.47524076700210571
  },
  "Ansi 14 Color" : {
    "Red Component" : 0.37597531080245972,
    "Color Space" : "sRGB",
    "Blue Component" : 1,
    "Alpha Component" : 1,
    "Green Component" : 0.99263292551040649
  },
  "Flashing Bell" : false,
  "Use Italic Font" : true,
  "Ansi 13 Color (Dark)" : {
    "Red Component" : 0.8821563720703125,
    "Color Space" : "sRGB",
    "Blue Component" : 0.8821563720703125,
    "Alpha Component" : 1,